<manifest xmlns="http://www.imsproject.org/xsd/imscp_rootv1p1p2" xmlns:adlcp="http://www.adlnet.org/xsd/adlcp_rootv1p2" xmlns:xsi="http://www.w3.org/2001/XMLSchema-instance" version="1" xsi:schemaLocation="http://www.imsproject.org/xsd/imscp_rootv1p1p2 imscp_rootv1p1p2.xsd http://www.imsglobal.org/xsd/imsmd_rootv1p2p1 imsmd_rootv1p2p1.xsd http://www.adlnet.org/xsd/adlcp_rootv1p2 adlcp_rootv1p2.xsd" identifier="com.edapp.697b66d975656fd469740852">
  <metadata>
    <schema>ADL SCORM</schema>
    <schemaversion>1.2</schemaversion>
  </metadata>
  <organizations default="ed_app">
    <organization identifier="ed_app">
      <title>Place Order App web desginer</title>
      <item identifier="item_1" identifierref="resource_1" isvisible="true">
        <title>Place Order App web desginer</title>
      </item>
    </organization>
  </organizations>
  <resources>
    <resource identifier="resource_1" type="webcontent" adlcp:scormtype="sco" href="index.html">
      <file href="fit_content_assets/pvbqaxnqwi8ujcnljgtu.png"/>
      <file href="fit_content_assets/component_get_parts_kl9zen.png"/>
      <file href="fit_content_assets/Screenshot_2026-01-29_at_15.22.56_spmiig_od3zu6.png"/>
      <file href="fit_content_assets/component_fjq0xv.png"/>
      <file href="fit_content_assets/Screenshot_2026-01-30_at_13.22.59_xiiv0s.png"/>
      <file href="fit_content_assets/commit_rdiffi_fsutiy.png"/>
      <file href="fit_content_assets/steps_pwkk07.png"/>
      <file href="fit_content_assets/sequence_on_canvas_z73yho.png"/>
      <file href="fit_content_assets/user_step_klqyjj.png"/>
      <file href="fit_content_assets/add_component_kpxe55.png"/>
      <file href="fit_content_assets/error_u3sfax_rhxb0x.png"/>
      <file href="fit_content_assets/component_var_name_psnt9n.png"/>
      <file href="fit_content_assets/catalog_vehgcw.png"/>
      <file href="fit_content_assets/user_step_-_catalog_jbqz2h_tylrpy.png"/>
      <file href="fit_content_assets/user_step_-context_menu_mcgs5h.png"/>
      <file href="fit_content_assets/user_step_-_variables_l3o9gf.png"/>
      <file href="fit_content_assets/user_step_-_breakpoint_jhfvli_bnywgt.png"/>
      <file href="fit_content_assets/Client_yv1nue.jpg"/>
      <file href="fit_content_assets/user_step_-_product_info_elsmuq.png"/>
      <file href="fit_content_assets/1_header_duwcub.png"/>
      <file href="fit_content_assets/2_zfflrl.png"/>
      <file href="fit_content_assets/3_utyk33.png"/>
      <file href="fit_content_assets/4_ojusgh.png"/>
      <file href="fit_content_assets/5_eopbl6.png"/>
      <file href="fit_content_assets/6_okl225.png"/>
      <file href="fit_content_assets/7_qzy32w.png"/>
      <file href="fit_content_assets/8_oueuhq.png"/>
      <file href="fit_content_assets/9_yh388o.png"/>
      <file href="fit_content_assets/Diagnostics_mode_l3ldgv.png"/>
      <file href="fit_content_assets/add_button_xo3ubk.png"/>
      <file href="fit_content_assets/configure_button_qj8nzc.png"/>
      <file href="fit_content_assets/salesorderlines_xrrcan.png"/>
      <file href="fit_content_assets/salesorderlines_1_w1cyjv.png"/>
      <file href="fit_content_assets/sequence_fafvgq.png"/>
      <file href="fit_content_assets/sequence_1_pvi4ht.png"/>
      <file href="fit_content_assets/terminology_example_1_g6w5yu.png"/>
      <file href="fit_content_assets/terminology_example_2_ghcjqg.png"/>
      <file href="fit_content_assets/review_order_1_vf1olb_muwrmh.png"/>
      <file href="fit_content_assets/review_order_2_tu9kal_daekbx.png"/>
      <file href="fit_content_assets/review_order_4_lvbmv9_piwlpl.png"/>
      <file href="fit_content_assets/review_order_3_zjn704.png"/>
      <file href="fit_content_assets/review_order_5_zdhnea_xwwbys.png"/>
      <file href="fit_content_assets/Empty_sequence_1_dhhmoa.png"/>
      <file href="fit_content_assets/Empty_sequence_2_dlj9jz.png"/>
      <file href="fit_content_assets/Empty_sequence_3_przvyj.png"/>
      <file href="fit_content_assets/Empty_sequence_4_wqf5ql.png"/>
      <file href="fit_content_assets/Empty_sequence_5_xu1lec.png"/>
      <file href="fit_content_assets/table_step_1_sxvpzi_oirldj.png"/>
      <file href="fit_content_assets/table_step_2_nu51tf.png"/>
      <file href="fit_content_assets/assignment_step_1_xfnjrd.png"/>
      <file href="fit_content_assets/assignment_step_2_jzaht0.png"/>
      <file href="fit_content_assets/join_as8rrn.png"/>
      <file href="fit_content_assets/connect_discount_mt9rrp_knbyuf.png"/>
      <file href="fit_content_assets/connect_discount_1_icdyfa.png"/>
      <file href="fit_content_assets/connect_discount_2_b11bt8_zm6rsu.png"/>
      <file href="fit_content_assets/connect_discount_3_xd9lee.png"/>
      <file href="fit_content_assets/grid_1_zrvxuu_k6hgo8.png"/>
      <file href="fit_content_assets/grid_2_cy1v9c_vktmw8.png"/>
      <file href="fit_content_assets/grid_4_as3acu.png"/>
      <file href="fit_content_assets/grid_3_q7ebvf.png"/>
      <file href="fit_content_assets/grid_5_gondfx.png"/>
      <file href="fit_content_assets/data_grid_outputs_kl7zcl.png"/>
      <file href="fit_content_assets/grid_output_bvkpqg.png"/>
      <file href="fit_content_assets/Computed_columns_srkqwl.png"/>
      <file href="fit_content_assets/isnull_b1cfsl.jpg"/>
      <file href="fit_content_assets/Data_Grid_2_rx6ci7.png"/>
      <file href="fit_content_assets/Screenshot_2024-06-18_080954_oiuvxo.png"/>
      <file href="fit_content_assets/Late_change_to_orderlinese_cpgnda.png"/>
      <file href="fit_content_assets/Overview_end_heltta.png"/>
      <file href="fit_content_assets/Chenge_to_list_selection_zq27ai.png"/>
      <file href="fit_content_assets/ChickenSaveImageSel_gn7f5k.png"/>
      <file href="fit_content_assets/hmpjwo83hlwfkda0mbq1.png"/>
      <file href="fit_content_assets/Checkpoint_kubk4n.png"/>
      <file href="fit_content_assets/acrfzdggjmstpspvu0bq.png"/>
      <file href="fit_content_assets/g2ehlkvxwwwdelm0p1zh.png"/>
      <file href="fit_content_assets/Pinned_uqkxns.png"/>
      <file href="fit_content_assets/Pinned2_zxxira.png"/>
      <file href="fit_content_assets/gx9n3reahoxhhregaxic.png"/>
      <file href="fit_content_assets/ixgqtqoix7czpiyfphyh.png"/>
      <file href="fit_content_assets/Decision_kgmi1c.png"/>
      <file href="fit_content_assets/mhvmv9hjblz73gaknmis.png"/>
      <file href="fit_content_assets/Assertion_ij2mvx.png"/>
      <file href="fit_content_assets/Annotation_xtoglx.png"/>
      <file href="adlcp_rootv1p2.xsd"/>
      <file href="ims_xml.xsd"/>
      <file href="imscp_rootv1p1p2.xsd"/>
      <file href="imsmd_rootv1p2p1.xsd"/>
      <file href="app.5a0ceb09749fa800.js"/>
      <file href="app.5a0ceb09749fa800.js.map"/>
      <file href="app.6e3cf51a0d3fbc1e.js"/>
      <file href="app.6e3cf51a0d3fbc1e.js.map"/>
      <file href="app.cc0d588970e1f88e.css"/>
      <file href="app.cc0d588970e1f88e.css.map"/>
      <file href="assets/NotoSans-Italic.f322611529c721d3.woff"/>
      <file href="assets/NotoSans-Regular.d443fda2a79a3b67.woff"/>
      <file href="assets/NotoSans-SemiBold.53a4b677893d7a69.woff"/>
      <file href="assets/expand-icon.48a012d165f293b4.png"/>
      <file href="assets/icons.44f5cb81fb0dba41.woff"/>
      <file href="assets/loader.7afc5dbc230dd2de.gif"/>
      <file href="assets/rotate-device.6f802beb1090241b.png"/>
      <file href="audio/achievement.mp3"/>
      <file href="audio/correct.mp3"/>
      <file href="audio/game-music-slow.mp3"/>
      <file href="audio/go.mp3"/>
      <file href="audio/incorrect.mp3"/>
      <file href="audio/new-star.mp3"/>
      <file href="audio/ready.mp3"/>
      <file href="audio/spin-fail.mp3"/>
      <file href="audio/spin-stop.mp3"/>
      <file href="audio/spin-success.mp3"/>
      <file href="audio/spin-win.mp3"/>
      <file href="audio/spinning.mp3"/>
      <file href="audio/tally-score.mp3"/>
      <file href="audio/welcome.mp3"/>
      <file href="img/examples/flow-1.png"/>
      <file href="img/examples/flow-2.png"/>
      <file href="img/examples/parallax-1.png"/>
      <file href="img/examples/parallax-2.png"/>
      <file href="img/examples/parallax-3.png"/>
      <file href="img/examples/product-1-xl.png"/>
      <file href="img/examples/product-1.png"/>
      <file href="img/examples/product-2.png"/>
      <file href="img/examples/product-3.png"/>
      <file href="img/examples/product-laptop.png"/>
      <file href="img/examples/product-phone.png"/>
      <file href="img/examples/product-tablet.png"/>
      <file href="img/expand-browser.png"/>
      <file href="img/expand-icon.png"/>
      <file href="img/rotate-device.png"/>
      <file href="img/templates/loader-light.gif"/>
      <file href="img/templates/loader.gif"/>
      <file href="img/templates/star-default.png"/>
      <file href="img/templates/star-earned.png"/>
      <file href="img/templates/star-light.png"/>
      <file href="img/video/empty.png"/>
      <file href="index.html"/>
      <file href="modules.473fbbfd66fb5923.js"/>
      <file href="modules.473fbbfd66fb5923.js.map"/>
      <file href="modules.a5b0990ec50f29b5.css"/>
      <file href="modules.a5b0990ec50f29b5.css.map"/>
      <file href="player.html"/>
      <file href="runtime.66088fb9f3a83259.js"/>
      <file href="runtime.70ed6909a957c02a.js"/>
      <file href="scorm.2aa5f200ece6542d.js"/>
      <file href="scorm.2aa5f200ece6542d.js.map"/>
      <file href="vendors.9d8f217301be500e.js"/>
      <file href="vendors.9d8f217301be500e.js.map"/>
      <file href="video/example.mp4"/>
      <file href="config.json"/>
    </resource>
  </resources>
</manifest>
